City_ID,City,Country,Date,Lat,Lng,Max Temp,Humidity,Cloudiness,Wind Speed
0,Kirakira,SB,2021-11-23 05:32:57,-10.4544,161.9205,82.27,80,91,6.85
1,Poum,NC,2021-11-23 05:32:58,-20.2333,164.0167,77.92,78,87,6.62
2,Kaitangata,NZ,2021-11-23 05:32:58,-46.2817,169.8464,55.44,65,81,4.09
3,Georgetown,MY,2021-11-23 05:30:22,5.4112,100.3354,89.55,66,40,6.91
4,Barrow,US,2021-11-23 05:32:59,71.2906,-156.7887,-2.18,78,90,4.61
5,Avarua,CK,2021-11-23 05:33:00,-21.2078,-159.775,77.05,73,90,5.75
6,Codrington,AU,2021-11-23 05:33:00,-38.2667,141.9667,62.37,97,100,10.71
7,Mataura,NZ,2021-11-23 05:33:01,-46.1927,168.8643,60.12,53,69,6.31
8,Muros,ES,2021-11-23 05:33:01,42.7762,-9.0603,53.1,76,63,19.06
9,New Norfolk,AU,2021-11-23 05:33:01,-42.7826,147.0587,75.9,38,99,1.99
10,Port-Cartier,CA,2021-11-23 05:33:02,50.0334,-66.8654,33.75,65,100,8.77
11,Vaini,TO,2021-11-23 05:33:03,-21.2,-175.2,80.76,83,75,8.05
12,Bengkulu,ID,2021-11-23 05:33:03,-3.8004,102.2655,82.29,68,93,6.13
13,Hithadhoo,MV,2021-11-23 05:33:04,-0.6,73.0833,81.19,78,100,17.92
14,Largo,US,2021-11-23 05:31:20,27.9095,-82.7873,67.1,76,40,1.01
15,Hilo,US,2021-11-23 05:33:04,19.7297,-155.09,76.28,88,90,0.0
16,Albany,US,2021-11-23 05:29:21,42.6001,-73.9662,32.09,71,20,8.68
17,Vestmanna,FO,2021-11-23 05:33:05,62.1564,-7.1664,45.52,93,90,29.93
18,Tocopilla,CL,2021-11-23 05:30:18,-22.092,-70.1979,62.35,71,70,1.03
19,Jamestown,US,2021-11-23 05:33:06,42.097,-79.2353,33.39,67,90,10.0
20,Kapaa,US,2021-11-23 05:33:07,22.0752,-159.319,79.12,79,90,1.01
21,Rikitea,PF,2021-11-23 05:33:07,-23.1203,-134.9692,75.96,78,0,10.89
22,Sabha,LY,2021-11-23 05:33:08,27.0377,14.4283,63.97,39,92,2.66
23,Panaba,MX,2021-11-23 05:33:08,21.2833,-88.2667,70.63,74,0,7.18
24,Saskylakh,RU,2021-11-23 05:33:09,71.9167,114.0833,-24.86,98,12,9.06
25,Moose Factory,CA,2021-11-23 05:33:09,51.2585,-80.6094,19.4,86,90,16.11
26,Ushuaia,AR,2021-11-23 05:33:10,-54.8,-68.3,37.06,75,40,4.61
27,Butaritari,KI,2021-11-23 05:33:11,3.0707,172.7902,82.36,77,20,13.33
28,Yellowknife,CA,2021-11-23 05:29:26,62.456,-114.3525,-9.58,77,75,17.27
29,Bandarbeyla,SO,2021-11-23 05:33:11,9.4942,50.8122,82.18,57,90,15.08
30,Changtu,CN,2021-11-23 05:33:12,42.7788,124.0955,20.25,57,30,15.84
31,Kavieng,PG,2021-11-23 05:33:12,-2.5744,150.7967,83.44,76,55,14.85
32,Den Helder,NL,2021-11-23 05:33:13,52.9599,4.7593,49.98,93,75,5.99
33,Punta Arenas,CL,2021-11-23 05:33:13,-53.15,-70.9167,39.31,70,75,5.75
34,Hermanus,ZA,2021-11-23 05:33:14,-34.4187,19.2345,68.9,67,26,11.23
35,Provideniya,RU,2021-11-23 05:33:14,64.3833,-173.3,10.51,52,1,13.42
36,Juneau,US,2021-11-23 05:33:15,58.3019,-134.4197,35.83,95,90,3.44
37,Ribeira Grande,PT,2021-11-23 05:33:15,38.5167,-28.7,65.93,86,34,17.87
38,Castro,BR,2021-11-23 05:33:16,-24.7911,-50.0119,60.17,63,62,2.64
39,Lasa,IT,2021-11-23 05:33:16,46.6166,10.7002,40.08,87,53,2.55
40,Kathu,TH,2021-11-23 05:33:17,7.9178,98.3332,84.69,97,88,1.99
41,San Patricio,US,2021-11-23 05:33:17,28.017,-97.5169,64.83,52,99,6.55
42,Kerecsend,HU,2021-11-23 05:33:18,47.8,20.35,35.49,75,99,4.9
43,Rio Gallegos,AR,2021-11-23 05:31:27,-51.6226,-69.2181,44.65,53,75,2.3
44,Airai,TL,2021-11-23 05:34:18,-8.9266,125.4092,75.0,57,86,1.9
45,Thompson,CA,2021-11-23 05:34:19,55.7435,-97.8558,-2.04,84,90,3.44
46,Atuona,PF,2021-11-23 05:34:19,-9.8,-139.0333,77.74,76,100,9.93
47,Arraial Do Cabo,BR,2021-11-23 05:34:20,-22.9661,-42.0278,67.86,73,0,6.91
48,Fortuna,US,2021-11-23 05:34:20,40.5982,-124.1573,48.92,94,90,5.99
49,Niono,ML,2021-11-23 05:34:21,14.2526,-5.993,73.71,31,22,8.75
50,Mar Del Plata,AR,2021-11-23 05:34:21,-38.0023,-57.5575,55.87,64,4,1.99
51,Bosaso,SO,2021-11-23 05:34:22,11.2842,49.1816,79.68,65,89,5.03
52,Alofi,NU,2021-11-23 05:33:09,-19.0595,-169.9187,80.49,69,67,9.22
53,Portland,US,2021-11-23 05:31:56,45.5234,-122.6762,46.17,92,90,1.01
54,Mirnyy,RU,2021-11-23 05:34:23,62.5353,113.9611,-14.62,98,88,5.32
55,Chokurdakh,RU,2021-11-23 05:34:23,70.6333,147.9167,-10.77,99,100,5.97
56,Saint-Louis,SN,2021-11-23 05:34:24,16.3333,-15.0,79.54,23,90,9.55
57,Torbay,CA,2021-11-23 05:31:39,47.6666,-52.7314,37.58,82,90,14.97
58,Ormond Beach,US,2021-11-23 05:34:25,29.2858,-81.0559,61.02,72,1,3.0
59,Bethel,US,2021-11-23 05:34:25,41.3712,-73.414,36.18,63,1,1.01
60,Busselton,AU,2021-11-23 05:34:25,-33.65,115.3333,72.28,43,0,14.18
61,Bambous Virieux,MU,2021-11-23 05:34:26,-20.3428,57.7575,81.21,69,40,6.91
62,Manggar,ID,2021-11-23 05:34:27,-2.8833,108.2667,86.0,66,100,1.19
63,Phonhong,LA,2021-11-23 05:34:27,18.5007,102.4166,84.02,57,11,3.74
64,Husavik,IS,2021-11-23 05:34:27,66.0449,-17.3389,39.11,94,37,11.81
65,Clyde River,CA,2021-11-23 05:34:28,70.4692,-68.5914,16.03,86,100,18.41
66,Marawi,PH,2021-11-23 05:34:29,7.9986,124.2928,76.64,69,100,6.13
67,Komsomolskiy,UZ,2021-11-23 05:34:29,40.4272,71.7189,48.92,37,12,2.3
68,Los Llanos De Aridane,ES,2021-11-23 05:34:29,28.6585,-17.9182,64.15,80,0,7.0
69,Ouallam,NE,2021-11-23 05:34:30,14.3188,2.0866,74.88,23,1,10.45
70,Highland Springs,US,2021-11-23 05:31:21,37.546,-77.3278,39.61,52,75,14.97
71,Tiksi,RU,2021-11-23 05:34:31,71.6872,128.8694,-21.82,97,51,7.56
72,Marinette,US,2021-11-23 05:34:31,45.1,-87.6307,27.05,73,1,0.0
73,Ketchikan,US,2021-11-23 05:34:31,55.3422,-131.6461,39.18,93,90,3.44
74,Mahebourg,MU,2021-11-23 05:34:32,-20.4081,57.7,81.25,69,40,6.91
75,Kolokani,ML,2021-11-23 05:34:32,13.5728,-8.0339,71.33,32,37,9.98
76,Puerto Ayora,EC,2021-11-23 05:34:33,-0.7393,-90.3518,67.8,77,24,6.24
77,Brae,GB,2021-11-23 05:34:34,60.3964,-1.353,48.11,81,100,22.41
78,Emirdag,TR,2021-11-23 05:34:34,39.0197,31.15,44.55,82,21,5.41
79,Veinticinco De Mayo,AR,2021-11-23 05:34:34,-35.4323,-60.1727,58.05,65,61,4.0
80,Champerico,GT,2021-11-23 05:34:35,14.3,-91.9167,79.75,82,100,3.22
81,Harper,LR,2021-11-23 05:34:35,4.375,-7.7169,78.04,84,10,2.98
82,Lebu,CL,2021-11-23 05:30:59,-37.6167,-73.65,52.72,91,0,18.86
83,Kruisfontein,ZA,2021-11-23 05:34:36,-34.0033,24.7314,59.88,77,100,9.24
84,Francisco Beltrao,BR,2021-11-23 05:34:36,-26.0811,-53.055,64.99,70,96,0.47
85,Khatanga,RU,2021-11-23 05:34:37,71.9667,102.5,-1.34,79,99,22.3
86,Kieta,PG,2021-11-23 05:34:37,-6.2167,155.6333,83.61,74,66,4.29
87,Katsuura,JP,2021-11-23 05:34:38,35.1333,140.3,60.84,70,76,10.94
88,Faanui,PF,2021-11-23 05:34:38,-16.4833,-151.75,81.16,75,100,9.62
89,Ponta Do Sol,PT,2021-11-23 05:34:39,32.6667,-17.1,66.7,71,94,6.22
90,Port Alfred,ZA,2021-11-23 05:35:39,-33.5906,26.891,65.35,75,93,24.49
91,Bilibino,RU,2021-11-23 05:35:40,68.0546,166.4372,-21.77,87,4,3.56
92,Esperance,AU,2021-11-23 05:35:40,-33.8667,121.9,62.44,67,87,16.42
93,Roebourne,AU,2021-11-23 05:35:41,-20.7833,117.1333,90.68,45,74,16.06
94,Meadville,US,2021-11-23 05:35:41,41.6414,-80.1515,35.24,83,73,4.83
95,Derzhavinsk,KZ,2021-11-23 05:35:42,51.1,66.3167,29.84,93,78,19.35
96,Tiznit,MA,2021-11-23 05:35:43,29.5833,-9.5,56.34,65,43,1.45
97,Ust-Tsilma,RU,2021-11-23 05:35:43,65.441,52.1498,6.69,97,100,3.56
98,Zhigansk,RU,2021-11-23 05:35:44,66.7697,123.3711,-18.26,96,100,7.58
99,Profondeville,BE,2021-11-23 05:35:44,50.3761,4.8669,34.57,86,17,3.56
100,Corrente,BR,2021-11-23 05:35:45,-3.7367,-43.3394,73.08,94,96,2.1
101,Kahului,US,2021-11-23 05:33:03,20.8947,-156.47,76.84,82,75,11.5
102,Galveston,US,2021-11-23 05:35:46,29.3669,-94.9669,62.94,68,1,6.91
103,Hambantota,LK,2021-11-23 05:35:46,6.1241,81.1185,88.14,70,20,8.05
104,Karachi,PK,2021-11-23 05:33:11,24.9056,67.0822,82.22,42,8,6.91
105,Santa Lucia,ES,2021-11-23 05:35:47,27.9117,-15.5407,58.32,77,20,0.0
106,Talagang,PK,2021-11-23 05:35:47,32.9297,72.4158,71.02,15,0,4.68
107,Bluff,NZ,2021-11-23 05:35:48,-46.6,168.3333,56.34,73,29,12.01
108,Nikolskoye,RU,2021-11-23 05:35:48,59.7035,30.7861,28.02,94,100,6.22
109,Naze,JP,2021-11-23 05:35:04,28.3667,129.4833,61.72,62,92,15.48
110,Kandila,GR,2021-11-23 05:35:49,38.7,20.9333,56.37,89,100,7.16
111,Kalemie,CD,2021-11-23 05:35:50,-5.9475,29.1947,74.71,74,97,4.74
112,Beloha,MG,2021-11-23 05:35:50,-25.1667,45.05,85.46,48,68,5.68
113,Saint-Philippe,RE,2021-11-23 05:35:51,-21.3585,55.7679,81.95,63,21,10.02
114,Hasaki,JP,2021-11-23 05:35:51,35.7333,140.8333,61.2,74,100,16.62
115,Pisco,PE,2021-11-23 05:35:52,-13.7,-76.2167,67.01,82,90,8.05
116,Mount Gambier,AU,2021-11-23 05:35:52,-37.8333,140.7667,64.31,72,90,10.36
117,Nemuro,JP,2021-11-23 05:35:53,43.3236,145.575,46.83,54,6,21.21
118,Ilo,PE,2021-11-23 05:35:54,-17.6394,-71.3375,64.45,85,94,4.07
119,Manado,ID,2021-11-23 05:31:13,1.487,124.8455,86.77,74,40,5.75
120,Dicabisagan,PH,2021-11-23 05:35:55,17.0818,122.4157,81.09,81,30,9.17
121,Cape Town,ZA,2021-11-23 05:35:32,-33.9258,18.4232,69.12,65,0,18.41
122,Namatanai,PG,2021-11-23 05:35:56,-3.6667,152.4333,82.24,78,96,9.1
123,Port Elizabeth,ZA,2021-11-23 05:35:56,-33.918,25.5701,62.89,72,90,11.5
124,Ostrovnoy,RU,2021-11-23 05:35:56,68.0531,39.5131,23.27,88,52,16.6
125,Bafq,IR,2021-11-23 05:35:57,31.6128,55.4107,66.61,43,18,4.83
126,Discovery Bay,US,2021-11-23 05:33:50,37.9085,-121.6002,59.85,85,1,5.75
127,Masterton,NZ,2021-11-23 05:35:31,-40.9597,175.6575,66.88,65,98,6.08
128,Nagato,JP,2021-11-23 05:35:58,34.3833,131.2,53.55,59,100,20.62
129,Negombo,LK,2021-11-23 05:35:58,7.2083,79.8358,86.05,66,20,10.36
130,Fangshan,CN,2021-11-23 05:35:59,39.6983,115.9925,44.46,22,0,5.32
131,Tuatapere,NZ,2021-11-23 05:36:00,-46.1333,167.6833,56.21,75,38,8.37
132,Paraiso,CR,2021-11-23 05:36:00,9.8383,-83.8656,65.26,90,100,2.51
133,Sitka,US,2021-11-23 05:36:00,57.0531,-135.33,37.29,75,90,9.22
134,Iqaluit,CA,2021-11-23 05:36:01,63.7506,-68.5145,29.93,74,90,20.0
135,Tuktoyaktuk,CA,2021-11-23 05:36:01,69.4541,-133.0374,-5.8,77,75,12.66
136,Pevek,RU,2021-11-23 05:36:02,69.7008,170.3133,-17.97,95,18,2.8
137,Santa Cruz,BO,2021-11-23 05:37:03,-17.8,-63.1667,76.46,94,75,3.44
138,Bonavista,CA,2021-11-23 05:37:03,48.6499,-53.1147,38.12,75,89,19.93
139,Broome,US,2021-11-23 05:37:03,42.2506,-75.833,29.37,76,1,1.99
140,Hobart,AU,2021-11-23 05:37:04,-42.8794,147.3294,77.22,53,40,1.01
141,Praia,CV,2021-11-23 05:35:39,14.9215,-23.5087,77.54,69,20,18.41
142,Cabo San Lucas,MX,2021-11-23 05:33:52,22.8909,-109.9124,70.61,83,1,0.0
143,Constitucion,CL,2021-11-23 05:37:05,-35.3333,-72.4167,58.98,59,0,7.29
144,Bontang,ID,2021-11-23 05:37:05,0.1333,117.5,85.96,66,53,8.23
145,Gat,IL,2021-11-23 05:37:06,31.61,34.7642,62.4,53,0,2.46
146,Mantua,IT,2021-11-23 05:37:07,45.1667,10.7833,52.74,79,96,5.99
147,Barcelona,ES,2021-11-23 05:36:28,41.3888,2.159,55.74,74,75,1.99
148,Qaanaaq,GL,2021-11-23 05:37:07,77.484,-69.3632,-7.17,87,97,8.05
149,Saldanha,ZA,2021-11-23 05:37:08,-33.0117,17.9442,62.65,69,6,12.12
150,Paciran,ID,2021-11-23 05:37:09,-6.8767,112.3761,86.79,64,82,6.04
151,Klaksvik,FO,2021-11-23 05:37:09,62.2266,-6.589,47.32,83,100,31.12
152,Souillac,MU,2021-11-23 05:37:09,-20.5167,57.5167,81.36,69,40,6.91
153,Mumford,GH,2021-11-23 05:37:10,5.2618,-0.759,80.17,79,42,2.66
154,Mezen,RU,2021-11-23 05:37:10,65.8522,44.24,14.97,92,99,6.08
155,Chapais,CA,2021-11-23 05:37:11,49.7834,-74.8492,11.98,91,100,9.17
156,Yicheng,CN,2021-11-23 05:37:11,31.3705,119.8703,49.1,25,55,7.47
157,Dingle,PH,2021-11-23 05:37:11,10.9995,122.6711,85.21,73,77,12.12
158,Verkhoyansk,RU,2021-11-23 05:37:12,67.5447,133.385,-32.01,100,76,1.36
159,Kendrapara,IN,2021-11-23 05:37:12,20.5042,86.416,86.41,57,15,3.31
160,Meppel,NL,2021-11-23 05:37:13,52.6958,6.1944,47.98,94,98,6.71
161,Togur,RU,2021-11-23 05:37:13,58.3631,82.8265,28.53,93,100,11.21
162,Khasan,RU,2021-11-23 05:37:14,42.4308,130.6434,26.91,44,32,22.53
163,Sistranda,NO,2021-11-23 05:37:15,63.7256,8.834,44.91,84,100,37.87
164,Chuy,UY,2021-11-23 05:37:15,-33.6971,-53.4616,61.9,66,7,15.73
165,Piacenza,IT,2021-11-23 05:37:16,45.0468,9.6994,51.73,97,99,10.54
166,Tura,IN,2021-11-23 05:37:17,25.5198,90.2201,77.07,43,0,4.38
167,Tasiilaq,GL,2021-11-23 05:37:17,65.6145,-37.6368,26.76,64,98,8.14
168,Cayenne,GF,2021-11-23 05:37:18,4.9333,-52.3333,81.09,85,75,1.01
169,Rabak,SD,2021-11-23 05:37:18,13.1809,32.74,77.4,22,14,14.99
170,Upernavik,GL,2021-11-23 05:37:18,72.7868,-56.1549,2.26,86,9,5.95
171,Copiapo,CL,2021-11-23 05:37:19,-27.3667,-70.3333,55.09,66,97,1.52
172,Luba,GQ,2021-11-23 05:37:19,3.4568,8.5547,79.7,80,92,2.46
173,Charters Towers,AU,2021-11-23 05:37:20,-20.1,146.2667,95.86,17,97,6.78
174,Biak,ID,2021-11-23 05:37:21,-0.9131,122.8766,83.34,74,73,1.86
175,Halol,IN,2021-11-23 05:37:21,22.5,73.4667,83.44,45,5,1.59
176,Morehead,US,2021-11-23 05:35:20,37.2711,-87.1764,26.31,95,1,0.0
177,East London,ZA,2021-11-23 05:37:22,-33.0153,27.9116,65.34,94,40,10.36
178,Antofagasta,CL,2021-11-23 05:37:22,-23.65,-70.4,61.88,81,79,1.54
179,Bani,DO,2021-11-23 05:37:23,18.2833,-70.3333,74.17,87,31,2.51
180,Dikson,RU,2021-11-23 05:37:23,73.5069,80.5464,-8.68,96,100,18.43
181,Casablanca,MA,2021-11-23 05:37:24,33.5928,-7.6192,59.02,78,74,6.6
182,Dandong,CN,2021-11-23 05:35:32,40.1292,124.3947,30.0,27,0,16.2
183,Chateaubelair,VC,2021-11-23 05:38:25,13.2833,-61.25,79.41,78,99,7.65
184,Wanaka,NZ,2021-11-23 05:38:25,-44.7,169.15,62.37,63,52,4.85
185,Manbij,SY,2021-11-23 05:38:26,36.5281,37.9549,43.57,59,0,3.11
186,Baracoa,CU,2021-11-23 05:38:26,20.3467,-74.4958,75.15,87,21,4.21
187,Cockburn Town,TC,2021-11-23 05:38:27,21.4612,-71.1419,81.27,74,4,12.17
188,San Rafael,AR,2021-11-23 05:33:34,-34.6177,-68.3301,66.74,32,0,1.34
189,Maceio,BR,2021-11-23 05:38:08,-9.6658,-35.7353,74.64,94,0,3.44
190,Lavrentiya,RU,2021-11-23 05:38:28,65.5833,-171.0,-2.78,93,8,10.09
191,Erdaojiang,CN,2021-11-23 05:38:28,41.7764,126.0319,20.25,48,100,13.82
192,Kavaratti,IN,2021-11-23 05:38:29,10.5669,72.642,81.39,76,87,8.16
193,Pingliang,CN,2021-11-23 05:38:29,35.5392,106.6861,49.75,18,0,3.38
194,Sfantu Gheorghe,RO,2021-11-23 05:38:29,45.8667,25.7833,42.26,95,100,3.06
195,Zyryanka,RU,2021-11-23 05:38:30,65.75,150.85,-25.55,98,97,5.35
196,Bambanglipuro,ID,2021-11-23 05:38:31,-7.95,110.2833,68.61,80,100,6.2
197,Proletariy,RU,2021-11-23 05:38:31,58.4342,31.7046,25.03,93,52,6.08
198,Toora-Khem,RU,2021-11-23 05:38:31,52.4675,96.11,18.63,83,96,2.66
199,Flinders,AU,2021-11-23 05:38:32,-34.5833,150.8552,73.18,74,100,4.0
200,Talnakh,RU,2021-11-23 05:38:32,69.4865,88.3972,7.95,92,100,7.54
201,Cherskiy,RU,2021-11-23 05:38:33,68.75,161.3,-32.66,100,52,4.03
202,Sinop,TR,2021-11-23 05:38:33,41.7711,34.8709,48.33,61,86,9.1
203,Alpena,US,2021-11-23 05:38:34,45.0617,-83.4327,29.1,79,90,4.0
204,Yar-Sale,RU,2021-11-23 05:38:34,66.8333,70.8333,14.94,96,100,4.81
205,Chauk,MM,2021-11-23 05:38:34,20.8833,94.8167,86.16,55,21,1.5
206,Maracana,BR,2021-11-23 05:38:35,-0.7667,-47.45,74.21,91,69,1.41
207,Srednekolymsk,RU,2021-11-23 05:38:35,67.45,153.6833,-30.55,100,65,4.7
208,Dukat,RU,2021-11-23 05:38:36,62.55,155.55,-13.38,83,74,1.48
209,Hobyo,SO,2021-11-23 05:38:37,5.3505,48.5268,82.53,61,84,8.03
210,Salalah,OM,2021-11-23 05:38:38,17.0151,54.0924,86.09,15,0,13.8
211,Ornes,NO,2021-11-23 05:38:38,66.8689,13.7078,36.84,98,100,11.36
212,Samarai,PG,2021-11-23 05:38:39,-10.6167,150.6667,85.42,72,17,15.28
213,Kodiak,US,2021-11-23 05:38:39,57.79,-152.4072,11.71,62,1,6.91
214,Kainantu,PG,2021-11-23 05:38:40,-6.2887,145.8655,71.19,76,73,1.41
215,Tilichiki,RU,2021-11-23 05:38:40,60.4667,166.1,3.22,87,100,9.28
216,Savelugu,GH,2021-11-23 05:38:40,9.6244,-0.8253,75.22,25,19,3.87
217,Qaqortoq,GL,2021-11-23 05:38:41,60.7167,-46.0333,21.7,79,3,5.84
218,Saint George,US,2021-11-23 05:36:04,37.1041,-113.5841,48.79,31,1,1.01
219,Timberlake,US,2021-11-23 05:38:42,37.3207,-79.2575,37.36,48,1,3.44
220,Yazoo City,US,2021-11-23 05:38:42,32.8551,-90.4056,47.1,51,19,5.97
221,Bredasdorp,ZA,2021-11-23 05:38:43,-34.5322,20.0403,64.27,58,21,8.75
222,Sambava,MG,2021-11-23 05:38:43,-14.2667,50.1667,81.07,65,68,6.35
223,Ahipara,NZ,2021-11-23 05:38:43,-35.1667,173.1667,63.95,73,33,10.11
224,Opuwo,NA,2021-11-23 05:38:44,-18.0607,13.84,71.13,21,2,1.48
225,Teahupoo,PF,2021-11-23 05:38:44,-17.8333,-149.2667,73.36,79,98,12.75
226,Nome,US,2021-11-23 05:38:45,64.5011,-165.4064,8.67,47,1,18.41
227,Te Anau,NZ,2021-11-23 05:38:45,-45.4167,167.7167,62.04,56,15,3.83
228,Ngunguru,NZ,2021-11-23 05:39:46,-35.6167,174.5,70.16,86,14,7.83
229,Carnarvon,AU,2021-11-23 05:39:46,-24.8667,113.6333,77.07,53,0,23.02
230,Severo-Kurilsk,RU,2021-11-23 05:38:58,50.6789,156.125,38.01,86,97,22.73
231,Meulaboh,ID,2021-11-23 05:39:47,4.1363,96.1285,78.08,87,100,1.88
232,Marsaxlokk,MT,2021-11-23 05:39:48,35.8419,14.5431,61.41,82,0,2.3
233,Basco,PH,2021-11-23 05:39:48,20.4487,121.9702,76.75,78,88,29.62
234,Havoysund,NO,2021-11-23 05:39:49,70.9963,24.6622,26.83,80,100,15.43
235,Dali,CN,2021-11-23 05:39:49,25.7,100.1833,64.24,41,29,3.2
236,Riyadh,SA,2021-11-23 05:37:06,24.6877,46.7219,64.54,49,9,11.16
237,Simcoe,CA,2021-11-23 05:39:50,42.8334,-80.2997,30.99,77,22,11.7
238,Roxana,CR,2021-11-23 05:39:50,10.2753,-83.7513,79.32,88,100,3.02
239,North Bend,US,2021-11-23 05:39:52,43.4065,-124.2243,51.71,90,90,0.0
240,Neiafu,TO,2021-11-23 05:39:52,-18.65,-173.9833,83.08,69,20,3.44
241,Nanortalik,GL,2021-11-23 05:39:54,60.1432,-45.2371,21.04,74,4,13.96
242,Barcelos,PT,2021-11-23 05:39:54,41.5388,-8.6151,42.94,84,83,5.46
243,Guerrero Negro,MX,2021-11-23 05:39:55,27.9769,-114.0611,67.21,64,100,9.53
244,Carutapera,BR,2021-11-23 05:39:55,-1.195,-46.02,77.63,82,58,4.41
245,Mangrol,IN,2021-11-23 05:39:55,21.1167,70.1167,85.14,61,73,2.33
246,Itarema,BR,2021-11-23 05:39:56,-2.9248,-39.9167,80.56,76,96,14.58
247,Coihueco,CL,2021-11-23 05:39:56,-36.6167,-71.8333,57.94,77,32,9.22
248,Gamba,GA,2021-11-23 05:39:57,-2.65,10.0,75.16,93,100,10.94
249,Axim,GH,2021-11-23 05:39:57,4.8699,-2.2405,78.21,83,33,0.58
250,Brandfort,ZA,2021-11-23 05:39:58,-28.7001,26.4597,58.41,65,6,14.61
251,Kuah,MY,2021-11-23 05:39:58,6.3265,99.8432,87.8,74,20,3.44
252,Semnan,IR,2021-11-23 05:39:59,35.5729,53.3971,53.65,58,0,1.83
253,Nizhneangarsk,RU,2021-11-23 05:40:00,55.7833,109.55,10.33,69,58,3.83
254,Kununurra,AU,2021-11-23 05:40:00,-15.7667,128.7333,105.78,27,40,6.91
255,Rivers,CA,2021-11-23 05:40:00,50.0308,-100.2403,14.95,91,61,7.11
256,Wewak,PG,2021-11-23 05:40:01,-3.5534,143.6268,83.77,75,43,6.93
257,Lompoc,US,2021-11-23 05:40:01,34.6391,-120.4579,71.13,51,1,4.61
258,Pimentel,PE,2021-11-23 05:40:02,-6.8367,-79.9342,64.78,84,89,9.28
259,Cap Malheureux,MU,2021-11-23 05:40:02,-19.9842,57.6142,81.46,61,17,5.01
260,Whitehorse,CA,2021-11-23 05:39:27,60.7161,-135.0538,5.77,84,90,1.99
261,Krutinka,RU,2021-11-23 05:40:03,56.0055,71.5113,22.14,90,99,15.55
262,Yulara,AU,2021-11-23 05:40:03,-25.2406,130.9889,85.84,45,40,12.66
263,Jinchang,CN,2021-11-23 05:40:04,38.4953,102.1739,41.59,14,0,5.99
264,Pyu,MM,2021-11-23 05:40:05,18.4833,96.4333,87.39,53,6,1.57
265,Lagoa,PT,2021-11-23 05:40:05,39.05,-27.9833,64.8,87,42,18.14
266,Ternate,ID,2021-11-23 05:40:06,0.8,127.4,85.46,71,66,7.85
267,Nouadhibou,MR,2021-11-23 05:40:06,20.931,-17.0347,69.78,78,0,9.22
268,Sinegorye,RU,2021-11-23 05:40:07,62.0788,150.477,-17.63,89,40,2.08
269,Yamada,JP,2021-11-23 05:40:07,39.4667,141.95,47.73,73,59,12.46
270,Namyslow,PL,2021-11-23 05:40:08,51.0759,17.7228,30.33,87,9,10.02
271,Namibe,AO,2021-11-23 05:40:08,-15.1961,12.1522,71.87,70,73,6.44
272,Narsaq,GL,2021-11-23 05:40:09,60.9167,-46.05,21.42,71,2,6.71
273,Xai-Xai,MZ,2021-11-23 05:40:09,-25.0519,33.6442,76.03,80,100,11.97
274,San Joaquin,US,2021-11-23 05:41:10,37.9333,-121.3011,54.1,88,1,5.75
275,Olafsvik,IS,2021-11-23 05:41:11,64.8945,-23.7142,40.41,62,74,13.69
276,Saint Anthony,US,2021-11-23 05:41:11,45.0205,-93.218,30.15,58,1,3.0
277,Alyangula,AU,2021-11-23 05:41:12,-13.8483,136.4192,96.67,30,58,10.36
278,Gwanda,ZW,2021-11-23 05:41:12,-20.9333,29.0,70.16,80,100,6.8
279,Aksarka,RU,2021-11-23 05:41:13,66.5606,67.7975,13.98,95,100,12.19
280,Viru,PE,2021-11-23 05:41:13,-8.4167,-78.75,65.95,80,40,1.59
281,Aklavik,CA,2021-11-23 05:41:14,68.2191,-135.0107,-12.17,96,100,9.71
282,Camopi,GF,2021-11-23 05:41:14,3.1655,-52.3158,71.1,100,47,1.07
283,Semey,KZ,2021-11-23 05:41:15,50.4111,80.2275,37.62,70,75,24.61
284,Tadine,NC,2021-11-23 05:41:15,-21.55,167.8833,78.78,72,98,11.1
285,Leshukonskoye,RU,2021-11-23 05:41:16,64.8989,45.7622,19.44,90,100,8.77
286,Lerwick,GB,2021-11-23 05:41:16,60.1545,-1.1494,48.2,81,100,23.09
287,Pacific Grove,US,2021-11-23 05:38:52,36.6177,-121.9166,59.5,42,1,1.99
288,Novikovo,RU,2021-11-23 05:41:17,51.1537,37.8879,29.79,75,100,4.72
289,Oranjestad,AW,2021-11-23 05:36:53,12.524,-70.027,81.01,78,32,17.52
290,Cananeia,BR,2021-11-23 05:41:18,-25.0147,-47.9267,63.57,83,42,2.53
291,Keti Bandar,PK,2021-11-23 05:41:18,24.1447,67.4497,82.15,37,8,9.19
292,Ondjiva,AO,2021-11-23 05:41:19,-17.0667,15.7333,74.68,19,25,8.25
293,Ambulu,ID,2021-11-23 05:41:19,-8.345,113.6058,83.82,76,99,6.38
294,Kjollefjord,NO,2021-11-23 05:41:20,70.9457,27.3465,26.65,64,100,12.82
295,Port Blair,IN,2021-11-23 05:41:20,11.6667,92.75,84.65,70,83,11.92
296,Totness,SR,2021-11-23 05:41:21,5.8833,-56.3167,76.98,91,64,7.61
297,Laurel,US,2021-11-23 05:36:35,39.0993,-76.8483,36.86,60,1,1.01
298,Banjar,ID,2021-11-23 05:41:22,-8.19,114.9675,86.92,70,89,2.8
299,Korla,CN,2021-11-23 05:41:22,41.7597,86.1469,34.61,47,12,4.45
300,Porto Novo,BJ,2021-11-23 05:41:23,6.4965,2.6036,80.42,88,72,0.69
301,West Bay,KY,2021-11-23 05:41:23,19.3667,-81.4167,78.01,86,11,5.12
302,Takoradi,GH,2021-11-23 05:41:24,4.8845,-1.7554,78.76,81,33,1.92
303,Umm Kaddadah,SD,2021-11-23 05:41:25,13.6017,26.6876,68.54,26,3,19.04
304,Karatau,KZ,2021-11-23 05:41:25,43.1667,70.4667,51.89,39,31,2.64
305,Spearfish,US,2021-11-23 05:37:13,44.4908,-103.8594,57.88,18,1,9.22
306,Ilulissat,GL,2021-11-23 05:41:26,69.2167,-51.1,17.62,57,20,12.66
307,Teya,RU,2021-11-23 05:41:26,60.3778,92.6267,28.35,88,99,11.9
308,Bairiki,KI,2021-11-23 05:41:27,1.3292,172.9752,82.4,78,20,8.05
309,Kano,NG,2021-11-23 05:41:27,12.0001,8.5167,62.49,59,0,0.0
310,Katima Mulilo,NA,2021-11-23 05:41:28,-17.5,24.2667,77.18,55,100,4.07
311,Imbituba,BR,2021-11-23 05:41:28,-28.24,-48.6703,70.83,86,0,10.25
312,Daru,PG,2021-11-23 05:41:28,-9.0763,143.2092,84.87,70,36,9.22
313,Hikone,JP,2021-11-23 05:41:29,35.25,136.25,55.18,53,63,16.15
314,Andapa,MG,2021-11-23 05:41:29,-14.65,49.65,82.06,49,91,3.38
315,Leh,IN,2021-11-23 05:41:30,34.1667,77.5833,22.41,39,0,2.26
316,San Jeronimo,PE,2021-11-23 05:41:31,-11.9472,-75.2829,52.97,73,99,2.91
317,Taunggyi,MM,2021-11-23 05:41:31,20.7833,97.0333,74.07,46,31,5.5
318,Katobu,ID,2021-11-23 05:41:32,-4.9408,122.5276,86.14,70,22,3.29
319,Ust-Nera,RU,2021-11-23 05:41:32,64.5667,143.2,-23.85,98,72,3.51
320,Nyurba,RU,2021-11-23 05:42:33,63.2842,118.3319,-20.27,99,26,3.18
321,Hailar,CN,2021-11-23 05:42:33,49.2,119.7,11.25,62,3,15.64
322,Adrar,MR,2021-11-23 05:42:33,20.5022,-10.0711,72.07,47,100,9.13
323,Spornoye,RU,2021-11-23 05:42:34,50.8448,37.2913,24.82,72,100,6.42
324,Santo Tomas,PH,2021-11-23 05:42:35,14.1079,121.1414,88.57,70,58,10.6
325,Mocuba,MZ,2021-11-23 05:42:35,-16.8392,36.9856,89.44,48,96,3.76
326,Brest,BY,2021-11-23 05:42:35,52.1,23.7,35.56,93,90,4.47
327,Suntar,RU,2021-11-23 05:42:36,62.1444,117.6319,-10.93,97,40,3.24
328,Ishigaki,JP,2021-11-23 05:42:36,24.3448,124.1572,68.13,73,75,18.41
329,Necochea,AR,2021-11-23 05:42:37,-38.5473,-58.7368,46.04,70,1,7.78
330,Gamboula,CF,2021-11-23 05:42:37,4.1178,15.1393,71.38,81,29,2.1
331,Hun,LY,2021-11-23 05:42:38,29.1268,15.9477,64.6,40,93,5.12
332,Tezu,IN,2021-11-23 05:42:38,27.9167,96.1667,77.65,48,82,4.0
333,Gushikawa,JP,2021-11-23 05:42:39,26.3544,127.8686,70.83,58,75,12.66
334,Karatuzskoye,RU,2021-11-23 05:42:39,53.6072,92.8667,28.27,83,90,3.83
335,Lincoln,US,2021-11-23 05:42:00,40.8,-96.667,39.02,66,1,1.99
336,Xambioa,BR,2021-11-23 05:42:40,-6.4111,-48.5364,72.88,92,92,2.84
337,Odweyne,SO,2021-11-23 05:42:40,9.4092,45.064,76.86,17,80,15.68
338,Khanewal,PK,2021-11-23 05:42:41,30.3,71.9333,69.62,9,0,4.29
339,Geraldton,AU,2021-11-23 05:38:58,-28.7667,114.6,77.41,47,0,20.71
340,Krasnoselkup,RU,2021-11-23 05:42:42,65.7,82.4667,22.71,96,99,12.93
341,Honiara,SB,2021-11-23 05:42:42,-9.4333,159.95,83.86,74,56,7.81
342,Kyshtovka,RU,2021-11-23 05:42:42,56.555,76.6271,30.16,95,100,10.69
343,Saint-Pierre,RE,2021-11-23 05:42:43,-21.3393,55.4781,83.84,63,0,8.05
344,Port Lincoln,AU,2021-11-23 05:42:44,-34.7333,135.8667,70.18,60,90,3.98
345,Sawai Madhopur,IN,2021-11-23 05:42:44,25.9833,76.3667,77.13,19,0,2.98
346,Huaicheng,CN,2021-11-23 05:42:44,23.9051,112.1931,60.8,50,97,1.32
347,Butka,RU,2021-11-23 05:42:45,56.7179,63.7866,23.14,81,43,13.58
348,Thoen,TH,2021-11-23 05:42:46,17.6129,99.2161,80.71,85,26,3.96
349,Hofn,IS,2021-11-23 05:42:46,64.2539,-15.2082,42.13,61,74,7.96
350,Susangerd,IR,2021-11-23 05:42:47,31.5608,48.1831,66.22,57,0,9.17
351,Rawson,AR,2021-11-23 05:42:47,-43.3002,-65.1023,50.94,58,82,16.98
352,Ranong,TH,2021-11-23 05:42:48,9.9658,98.6348,80.53,88,100,7.07
353,Betsiamites,CA,2021-11-23 05:42:48,48.9413,-68.646,34.2,63,94,11.21
354,Maniitsoq,GL,2021-11-23 05:42:49,65.4167,-52.9,17.15,69,9,12.75
355,Matamoros,MX,2021-11-23 05:42:50,25.5333,-103.25,55.99,56,69,1.83
356,Shingu,JP,2021-11-23 05:42:50,33.7333,135.9833,56.39,57,4,14.07
357,Shahr-E Babak,IR,2021-11-23 05:42:51,30.1165,55.1186,59.92,43,16,7.34
358,Moron,AR,2021-11-23 05:42:51,-34.6534,-58.6198,64.09,49,80,7.0
359,Sao Filipe,CV,2021-11-23 05:42:52,14.8961,-24.4956,79.72,64,1,6.89
360,Zabaykalsk,RU,2021-11-23 05:42:52,49.6333,117.3167,10.22,64,1,14.74
361,Aksu,CN,2021-11-23 05:38:34,41.1231,80.2644,38.07,35,0,0.63
362,Coihaique,CL,2021-11-23 05:42:53,-45.5752,-72.0662,46.65,95,98,8.39
363,Filadelfia,US,2021-11-23 05:41:38,39.9523,-75.1638,35.94,55,1,4.0
364,Genhe,CN,2021-11-23 05:42:54,50.7833,121.5167,9.45,53,100,10.83
365,Northampton,US,2021-11-23 05:38:48,40.8754,-75.2499,32.18,68,17,8.01
366,Luebo,CD,2021-11-23 05:42:55,-5.35,21.4167,70.63,98,100,0.56
367,Hervey Bay,AU,2021-11-23 05:43:56,-25.2986,152.8535,81.03,73,70,12.75
368,Manicore,BR,2021-11-23 05:43:56,-5.8092,-61.3003,73.6,98,100,0.72
369,Phalaborwa,ZA,2021-11-23 05:43:57,-23.943,31.1411,70.88,75,95,7.11
370,Varzea Da Palma,BR,2021-11-23 05:43:57,-17.5981,-44.7308,67.78,96,100,1.43
371,Makat,KZ,2021-11-23 05:43:57,47.6469,53.3463,43.88,93,100,3.85
372,Darhan,MN,2021-11-23 05:43:58,49.4867,105.9228,17.17,65,49,3.0
373,Sabang,ID,2021-11-23 05:43:59,5.8933,95.3214,81.91,74,96,10.78
374,Severo-Yeniseyskiy,RU,2021-11-23 05:43:59,60.3725,93.0408,25.09,88,93,12.19
375,Rodionovo-Nesvetayskaya,RU,2021-11-23 05:44:00,47.6103,39.7121,50.56,92,100,6.29
376,Paka,MY,2021-11-23 05:44:00,4.6374,103.4368,85.98,79,40,3.44
377,Ponta Delgada,PT,2021-11-23 05:44:01,37.7333,-25.6667,68.5,94,40,13.8
378,Coahuayana,MX,2021-11-23 05:44:01,18.7333,-103.6833,74.3,88,55,3.27
379,Adoni,IN,2021-11-23 05:44:02,15.6333,77.2833,83.03,62,12,4.97
380,Avera,US,2021-11-23 05:44:02,33.194,-82.5271,47.71,37,22,10.07
381,Ushtobe,KZ,2021-11-23 05:44:03,45.2514,77.9838,42.6,70,100,2.1
382,Mount Isa,AU,2021-11-23 05:44:03,-20.7333,139.5,96.57,20,90,13.8
383,Sur,OM,2021-11-23 05:44:04,22.5667,59.5289,81.82,36,62,7.34
384,Longyearbyen,SJ,2021-11-23 05:41:24,78.2186,15.6401,3.04,72,20,3.44
385,Ancud,CL,2021-11-23 05:44:05,-41.8697,-73.8203,46.42,92,49,3.11
386,Noumea,NC,2021-11-23 05:43:07,-22.2763,166.4572,82.38,99,100,10.54
387,Buchanan,LR,2021-11-23 05:44:05,5.8808,-10.0467,75.16,90,25,5.35
388,Slonim,BY,2021-11-23 05:44:06,53.0867,25.3219,30.54,88,67,6.71
389,Wenling,CN,2021-11-23 05:44:06,28.3669,121.36,52.29,43,7,6.2
390,Eureka,US,2021-11-23 05:44:07,40.8021,-124.1637,49.19,92,50,4.38
391,Portobelo,PA,2021-11-23 05:44:07,9.55,-79.65,76.05,85,97,5.23
392,Anaconda,US,2021-11-23 05:44:08,46.1285,-112.9423,34.77,49,42,5.59
393,Wellington,NZ,2021-11-23 05:43:10,-41.2866,174.7756,66.76,74,70,1.01
394,Molepolole,BW,2021-11-23 05:44:09,-24.4066,25.4951,64.54,26,49,8.68
395,Aswan,EG,2021-11-23 05:44:09,24.0934,32.907,58.3,54,0,8.05
396,Bavly,RU,2021-11-23 05:44:10,54.393,53.2602,17.69,91,93,14.65
397,High Level,CA,2021-11-23 05:44:10,58.5169,-117.136,8.71,85,90,10.36
398,Cidreira,BR,2021-11-23 05:44:11,-30.1811,-50.2056,69.26,67,6,5.55
399,Canyon,US,2021-11-23 05:44:11,34.9803,-101.9188,49.51,38,0,10.69
400,San Carlos De Bariloche,AR,2021-11-23 05:44:12,-41.1456,-71.3082,40.75,70,0,4.61
401,Frederick,US,2021-11-23 05:43:12,39.4668,-77.3997,34.97,64,1,6.91
402,Iskateley,RU,2021-11-23 05:44:12,67.6803,53.1512,12.49,97,86,8.7
403,Akureyri,IS,2021-11-23 05:42:45,65.6835,-18.0878,39.13,70,90,9.22
404,Vila Franca Do Campo,PT,2021-11-23 05:44:13,37.7167,-25.4333,68.2,89,96,13.42
405,Turtas,RU,2021-11-23 05:44:13,58.9417,69.1325,21.2,92,100,9.69
406,Krasnyy,RU,2021-11-23 05:44:14,54.5678,31.4333,22.82,71,67,5.08
407,Salvador,SV,2021-11-23 05:44:15,13.8333,-88.9167,70.2,86,98,3.42
408,Jishou,CN,2021-11-23 05:44:15,28.3167,109.7167,59.63,53,74,0.67
409,Lubartow,PL,2021-11-23 05:44:16,51.4603,22.6095,36.03,67,65,10.76
410,Fredericton,CA,2021-11-23 05:43:41,45.9454,-66.6656,31.37,97,90,3.0
411,Manzanillo,CU,2021-11-23 05:44:16,20.3433,-77.1167,73.65,84,0,4.16
412,Mitsamiouli,KM,2021-11-23 05:44:17,-11.3847,43.2844,84.49,61,75,4.61
413,Pishva,IR,2021-11-23 05:45:17,35.308,51.7267,52.81,60,1,2.98
414,Vostok,RU,2021-11-23 05:45:18,46.4856,135.8833,9.99,92,100,13.91
415,Tazovskiy,RU,2021-11-23 05:45:18,67.4667,78.7,14.61,94,100,14.65
416,Wentzville,US,2021-11-23 05:45:19,38.8114,-90.8529,31.39,61,5,1.01
417,Nizhniy Baskunchak,RU,2021-11-23 05:45:19,48.2198,46.8311,40.95,88,100,10.87
418,Painesville,US,2021-11-23 05:45:20,41.7245,-81.2457,35.87,60,90,3.0
419,Oktyabrskiy,RU,2021-11-23 05:45:20,54.4815,53.471,19.13,90,97,13.44
420,Sept-Iles,CA,2021-11-23 05:42:20,50.2001,-66.3821,34.05,76,90,5.99
421,Linxia,CN,2021-11-23 05:45:21,35.6003,103.2064,41.88,21,0,2.75
422,Vila Velha,BR,2021-11-23 05:45:21,-20.3297,-40.2925,69.75,88,75,2.3
423,Agua Dulce,MX,2021-11-23 05:45:22,18.1333,-94.1333,74.17,81,3,10.18
424,Ucluelet,CA,2021-11-23 05:43:22,48.9329,-125.5528,45.09,92,100,3.65
425,Okhotsk,RU,2021-11-23 05:45:23,59.3833,143.3,5.85,87,45,11.32
426,Brownwood,US,2021-11-23 05:40:35,31.7093,-98.9912,51.55,35,81,7.45
427,Bukama,CD,2021-11-23 05:45:23,-9.2,25.85,72.84,88,97,3.65
428,Sakakah,SA,2021-11-23 05:45:24,29.9697,40.2064,51.37,55,0,3.02
429,Lata,PT,2021-11-23 05:45:24,40.1629,-8.3327,44.82,80,11,2.66
430,Koslan,RU,2021-11-23 05:45:25,63.4564,48.8989,19.71,96,100,4.63
431,Zhuhai,CN,2021-11-23 05:45:25,22.2769,113.5678,64.98,59,40,19.57
432,Iquique,CL,2021-11-23 05:45:26,-20.2208,-70.1431,62.64,68,96,1.72
433,Inhapim,BR,2021-11-23 05:45:27,-19.5492,-42.12,64.99,98,97,2.93
434,Sao Paulo De Olivenca,BR,2021-11-23 05:45:27,-3.3783,-68.8725,72.97,98,100,0.56
435,Payo,ID,2021-11-23 05:45:28,-3.7508,103.6372,88.61,62,99,1.95
436,Halifax,CA,2021-11-23 05:45:28,44.6453,-63.5724,55.53,95,100,10.0
437,Turayf,SA,2021-11-23 05:45:29,31.6725,38.6637,46.65,93,0,5.75
438,Northam,GB,2021-11-23 05:45:29,51.0333,-4.2167,40.3,77,17,4.7
439,San Cristobal,VE,2021-11-23 05:45:30,7.7669,-72.225,69.98,97,62,1.23
440,Santa Isabel,BR,2021-11-23 05:45:30,-23.3156,-46.2214,65.98,96,6,2.28
441,Kitimat,CA,2021-11-23 05:45:31,54.0524,-128.6534,39.58,36,99,3.98
442,Norman Wells,CA,2021-11-23 05:45:31,65.282,-126.8329,-18.36,76,75,6.91
443,Troitskoye,RU,2021-11-23 05:45:32,52.9821,84.6757,33.55,95,100,21.81
444,Vieux-Habitants,GP,2021-11-23 05:45:32,16.0589,-61.7659,71.17,75,31,8.79
445,Mathathane,BW,2021-11-23 05:45:33,-22.2687,28.7495,74.03,70,96,2.89
446,Laguna,US,2021-11-23 05:45:33,38.421,-121.4238,57.02,93,1,0.0
447,Fairhope,US,2021-11-23 05:45:34,30.523,-87.9033,52.68,62,1,1.99
448,Maltahohe,NA,2021-11-23 05:45:34,-24.8333,16.9833,62.15,35,1,9.82
449,Vao,NC,2021-11-23 05:45:35,-22.6667,167.4833,74.86,80,100,11.16
450,Sorland,NO,2021-11-23 05:45:35,67.667,12.6934,40.39,72,100,24.47
451,Lorengau,PG,2021-11-23 05:45:36,-2.0226,147.2712,79.88,85,100,6.91
452,Manthani,IN,2021-11-23 05:45:36,18.65,79.6667,84.29,70,83,2.59
453,Najran,SA,2021-11-23 05:45:37,17.4924,44.1277,68.65,23,17,4.21
454,Murmashi,RU,2021-11-23 05:45:37,68.8154,32.8115,16.21,86,0,4.47
455,Mao,ES,2021-11-23 05:41:51,39.8885,4.2658,52.36,93,20,8.05
456,Praya,CV,2021-11-23 05:43:48,14.9215,-23.5087,77.54,69,20,18.41
457,Shimoda,JP,2021-11-23 05:45:38,34.6667,138.95,59.36,56,0,31.88
458,Kangaatsiaq,GL,2021-11-23 05:45:38,68.3065,-53.4641,18.3,82,77,12.71
459,Chukhloma,RU,2021-11-23 05:45:39,58.7525,42.6825,17.1,88,100,10.13
460,Channapatna,IN,2021-11-23 05:46:39,12.65,77.2167,85.41,70,88,6.62
461,George,ZA,2021-11-23 05:46:40,-33.963,22.4617,60.35,82,20,2.3
462,Urgut,UZ,2021-11-23 05:46:40,39.4022,67.2431,56.82,25,31,1.88
463,Grindavik,IS,2021-11-23 05:46:41,63.8424,-22.4338,41.47,65,75,13.8
464,Jega,NG,2021-11-23 05:46:41,12.2175,4.3792,72.57,30,0,4.65
465,Rulenge,TZ,2021-11-23 05:46:41,-2.7175,30.6325,67.35,80,99,0.58
466,Port Augusta,AU,2021-11-23 05:46:42,-32.5,137.7667,80.71,29,96,10.31
467,Little Current,CA,2021-11-23 05:46:43,45.9793,-81.9248,30.29,65,26,15.08
468,Rodrigues Alves,BR,2021-11-23 05:46:43,-7.738,-72.6509,73.54,95,100,2.89
469,Menongue,AO,2021-11-23 05:46:44,-14.6585,17.691,67.35,61,100,3.91
470,Victoria,HK,2021-11-23 05:46:44,22.2855,114.1577,66.25,81,80,1.01
471,Jacareacanga,BR,2021-11-23 05:46:45,-6.2222,-57.7528,73.47,97,100,1.7
472,Minusinsk,RU,2021-11-23 05:46:46,53.7103,91.6875,32.02,65,100,3.89
473,Ugoofaaru,MV,2021-11-23 05:46:47,5.6667,73.0,81.54,76,93,13.56
474,Luderitz,NA,2021-11-23 05:46:48,-26.6481,15.1594,65.48,64,44,14.61
475,Chuzhou,CN,2021-11-23 05:46:48,32.3219,118.2978,49.84,24,36,8.21
476,Fairbanks,US,2021-11-23 05:46:48,64.8378,-147.7164,1.6,71,90,1.01
477,Henties Bay,NA,2021-11-23 05:46:49,-22.116,14.2845,57.85,88,12,3.56
478,Nurota,UZ,2021-11-23 05:46:50,40.5614,65.6886,51.89,23,62,2.59
479,Peace River,CA,2021-11-23 05:42:03,56.2501,-117.286,16.11,92,90,14.97
480,Haines Junction,CA,2021-11-23 05:46:51,60.7522,-137.5108,1.35,85,100,2.3
481,Yura,PE,2021-11-23 05:46:52,-16.2522,-71.6797,57.47,48,100,1.79
482,Santiago,CL,2021-11-23 05:46:52,-33.4569,-70.6483,71.85,41,0,6.91
483,Sao Sebastiao,BR,2021-11-23 05:43:56,-23.76,-45.4097,65.44,86,29,5.73
484,Kumbo,CM,2021-11-23 05:46:53,6.2,10.6667,61.47,67,64,2.08
485,Petropavlovsk-Kamchatskiy,RU,2021-11-23 05:46:53,53.0452,158.6483,28.99,69,0,4.47
486,Presidente Olegario,BR,2021-11-23 05:46:54,-18.4178,-46.4181,64.18,94,72,1.57
487,Camacari,BR,2021-11-23 05:46:54,-12.6975,-38.3242,76.77,92,48,3.11
488,Sarankhola,BD,2021-11-23 05:46:55,22.3082,89.7897,87.04,38,1,4.23
489,Buraydah,SA,2021-11-23 05:46:56,26.326,43.975,61.25,55,4,14.5
490,Mehamn,NO,2021-11-23 05:46:56,71.0357,27.8492,26.78,68,100,9.66
491,Nabire,ID,2021-11-23 05:46:57,-3.3667,135.4833,86.56,66,86,6.4
492,Whitehaven,GB,2021-11-23 05:46:58,54.549,-3.5841,44.65,95,95,3.8
493,Marsa Matruh,EG,2021-11-23 05:46:58,31.3525,27.2453,55.6,94,8,4.61
494,Vilyuysk,RU,2021-11-23 05:46:59,63.7553,121.6247,-22.99,99,79,3.4
495,Kutum,SD,2021-11-23 05:47:00,14.2,24.6667,62.31,30,5,10.09
496,Kokuy,RU,2021-11-23 05:47:00,52.2037,117.5529,3.61,76,9,3.85
497,Bakchar,RU,2021-11-23 05:47:01,57.0186,82.0711,29.44,93,100,11.27
498,Kochinda,IN,2021-11-23 05:47:01,21.7333,84.35,78.76,48,3,2.55
499,Rigaud,CA,2021-11-23 05:47:02,45.4793,-74.3024,30.85,67,5,10.2
500,Sulangan,PH,2021-11-23 05:47:03,11.1373,123.7228,84.18,73,68,8.19
501,Mikkeli,FI,2021-11-23 05:47:03,61.6886,27.2723,26.15,93,90,1.14
502,Santana Do Livramento,BR,2021-11-23 05:47:04,-30.8908,-55.5328,65.61,54,8,16.44
503,Mugur-Aksy,RU,2021-11-23 05:47:04,50.35,90.5,17.65,68,95,8.88
504,Hohhot,CN,2021-11-23 05:47:05,40.8106,111.6522,28.69,26,0,4.47
505,Khash,IR,2021-11-23 05:48:06,28.2211,61.2158,67.19,16,4,0.6
506,Bolu,TR,2021-11-23 05:48:06,40.6667,31.5833,44.92,73,30,4.56
507,Taoudenni,ML,2021-11-23 05:44:14,22.6783,-3.9836,77.22,40,100,6.22
508,Nyrob,RU,2021-11-23 05:48:07,60.733,56.7202,16.45,94,100,6.93
509,Vardo,NO,2021-11-23 05:48:07,70.3705,31.1107,19.6,48,100,14.05
510,Zlobin,HR,2021-11-23 05:48:08,45.2924,14.6541,40.3,65,20,28.77
511,Ikornnes,NO,2021-11-23 05:48:09,62.3873,6.557,46.54,92,100,1.01
512,Ormara,PK,2021-11-23 05:48:09,25.2088,64.6357,78.51,20,20,1.23
513,Tainan,TW,2021-11-23 05:48:10,22.9908,120.2133,74.98,56,75,9.22
514,Cooma,AU,2021-11-23 05:48:10,-36.2333,149.1333,67.77,63,100,16.11
515,San Ramon,US,2021-11-23 05:48:11,37.7799,-121.978,59.76,81,1,0.0
516,Jodiya,IN,2021-11-23 05:48:12,22.6925,70.306,92.52,39,4,3.49
517,Qasigiannguit,GL,2021-11-23 05:48:12,68.8193,-51.1922,17.85,90,87,7.29
518,Fort Nelson,CA,2021-11-23 05:48:13,58.8053,-122.7002,2.79,78,90,9.22
519,Mareeba,AU,2021-11-23 05:48:14,-17.0,145.4333,88.45,63,42,10.58
520,Chalmette,US,2021-11-23 05:48:15,29.9427,-89.9634,57.2,62,1,1.99
521,Kapit,MY,2021-11-23 05:48:15,2.0167,112.9333,85.6,77,97,3.13
522,Lulea,SE,2021-11-23 05:48:16,65.5842,22.1547,17.67,100,20,5.75
523,Sainte-Maxime,FR,2021-11-23 05:48:16,43.3,6.6333,56.53,79,99,6.8
524,Bardiyah,LY,2021-11-23 05:48:17,31.7561,25.0865,62.44,55,65,10.45
525,Sochi,RU,2021-11-23 05:48:18,43.6,39.7303,48.29,61,52,7.87
526,Hauterive,FR,2021-11-23 05:48:18,46.0901,3.4459,42.03,79,98,6.82
527,Kovdor,RU,2021-11-23 05:48:19,67.5662,30.4758,5.04,96,82,3.38
528,Barroquinha,BR,2021-11-23 05:48:19,-3.0189,-41.1361,75.99,88,92,3.87
529,Puri,IN,2021-11-23 05:48:20,19.8,85.85,86.52,64,7,4.41
530,Puerto Leguizamo,CO,2021-11-23 05:48:20,-0.1934,-74.7819,71.83,98,100,1.21
531,Palu,ID,2021-11-23 05:48:21,-0.8917,119.8707,87.42,75,60,3.38
532,Corinto,GR,2021-11-23 05:48:22,37.9407,22.9573,63.68,90,100,4.54
533,Barmer,IN,2021-11-23 05:48:22,25.75,71.3833,82.54,10,0,3.98
534,Lopare,BA,2021-11-23 05:48:23,44.6378,18.8428,42.03,96,100,3.58
535,Bogale,MM,2021-11-23 05:48:23,16.2833,95.4,89.04,54,23,3.58
536,Chiredzi,ZW,2021-11-23 05:48:24,-21.05,31.6667,73.08,83,100,6.33
537,Temyasovo,RU,2021-11-23 05:48:24,52.9933,58.1014,21.56,91,89,18.12
538,Sola,VU,2021-11-23 05:48:25,-13.8833,167.55,82.72,77,89,16.02
539,Bireun,ID,2021-11-23 05:48:25,5.203,96.7009,84.83,70,95,6.78
540,Chimbarongo,CL,2021-11-23 05:48:26,-34.7,-71.05,63.48,36,0,2.57
541,Port Said,EG,2021-11-23 05:48:27,31.2565,32.2841,64.38,82,0,9.22
542,La Ronge,CA,2021-11-23 05:48:27,55.1001,-105.2842,17.85,86,90,9.22
543,Sandpoint,US,2021-11-23 05:44:11,48.2766,-116.5533,34.56,94,90,0.0
544,Yekepa,LR,2021-11-23 05:48:28,7.5753,-8.5419,67.42,87,25,0.63
545,Pudozh,RU,2021-11-23 05:48:28,61.8099,36.5345,8.37,96,42,2.21
546,Filingue,NE,2021-11-23 05:48:29,14.3521,3.3168,75.15,24,1,9.66
547,Padang,ID,2021-11-23 05:48:30,-0.9492,100.3543,86.05,63,100,7.45
548,Qitaihe,CN,2021-11-23 05:48:30,45.8,130.85,14.63,80,100,25.52
549,Touros,BR,2021-11-23 05:48:31,-5.1989,-35.4608,79.7,83,91,11.79
550,Mica,RO,2021-11-23 05:48:31,46.3667,24.4167,39.52,100,90,3.44
